{
  "lunbo": [1, 2, 3],
  "topic": [
    {
      "id": 1,
      "title":"#fit视频模仿秀#"
    },
    {
      "id": 2,
      "title":"#训练结束时的瞬间感受#"
    },
    {
      "id": 3,
      "title":"#一招打败拖延症#"
    }
  ],
  "hotEvent": [
    {
      "id": 1,
      "title": "手臂塑造|肱三头肌训练指南"
    },
    {
      "id": 2,
      "title": "女神专属|打造性感手臂"
    }
  ],
  "expert": [
    {
      "nickName": "吉丽Lily",
      "headImg": "http://orkwtps3q.bkt.clouddn.com/image/jpg/show.jpg",
      "intro":"健康强迫症，女子运动"
    },
    {
      "nickName": "恩桃育",
      "headImg": "http://orkwtps3q.bkt.clouddn.com/image/jpg/show.jpg",
      "intro":"健康强迫症，女子运动"
    },
    {
      "nickName": "艾菲尔",
      "headImg": "http://orkwtps3q.bkt.clouddn.com/image/jpg/show.jpg",
      "intro":"健康强迫症，女子运动"
    }
  ]
}
