{
  "lunbo":[1,2],
  "drink": [
    {
      "id": 1,
      "title":"青柠苏打水"
    },
    {
      "id": 2,
      "title":"芒果酸奶冻"
    },
    {
      "id": 3,
      "title":"综合果蔬汁"
    },
    {
      "id": 4,
      "title":"蔬果大乱炖"
    }
  ],
  "meat": [
    {
      "id":1,
      "title":"香煎鸡胸"
    },
    {
      "id":2,
      "title":"香烤三文鱼"
    },
    {
      "id":3,
      "title":"清蒸鲈鱼"
    },
    {
      "id":4,
      "title":"咖喱大虾"
    },
    {
      "id":5,
      "title":"大培根"
    },
    {
      "id":6,
      "title":"大培根"
    }
  ]
}
