{
  "show": [
    {
      "img": "//orkwtps3q.bkt.clouddn.com/image/jpg/show.jpg",
      "content": "这组手指舒缓动作设计的挺巧妙唉，不光适合鼠标手机拿久了的放松，练拳之后给双手做个大保健也是不错！ 啥时候出足疗版？",
      "nickName": "尼古拉斯",
      "support": 164
    },
    {
      "img": "//orkwtps3q.bkt.clouddn.com/image/jpg/show.jpg",
      "content": "昨晚背+二头，今天感觉肱二持续酸胀饱满，泵感还在，21响礼炮的训练方式果然不是盖的。刚完成一次手指疲劳缓解课程，拉伸肱二，放松手掌跟手臂，增加血液循环，保持灵活性最重要，缓解一下准备好今晚今晚胸+三头的训练👊 ",
      "nickName": "ZhuangZhiDong",
      "support": 164
    },
    {
      "img": "//orkwtps3q.bkt.clouddn.com/image/jpg/show.jpg",
      "content": "时间不会辜负努力的你",
      "nickName": "健身-阿发",
      "support": 164
    },
    {
      "img": "//orkwtps3q.bkt.clouddn.com/image/jpg/show.jpg",
      "content": " 8.16 沈阳站，终于到沈阳啦，各位keeper准备好了吗？如果有空一定要来参加哦，我们相识于keep，相聚就在大悦城啦",
      "nickName": "卫NingJ",
      "support": 164
    },
    {
      "img": "//orkwtps3q.bkt.clouddn.com/image/jpg/show.jpg",
      "content": "好姐妹不仅天天见还要天天练",
      "nickName": "Innereal真里",
      "support": 164
    },
    {
      "img": "//orkwtps3q.bkt.clouddn.com/image/jpg/show.jpg",
      "content": "加油加油加油加油！！！！",
      "nickName": "MllMllM",
      "support": 164
    },
    {
      "img": "//orkwtps3q.bkt.clouddn.com/image/jpg/show.jpg",
      "content": "信大家已经深深地感受到来自节食减肥深深的恶意了，所以无论出于什么目的，一定不要再通过节食来减肥",
      "nickName": "健身达人萱哥",
      "support": 164
    },
    {
      "img": "//orkwtps3q.bkt.clouddn.com/image/jpg/show.jpg",
      "content": "加油加油加油加油！！！！",
      "nickName": "熊大",
      "support": 164
    },
    {
      "img": "//orkwtps3q.bkt.clouddn.com/image/jpg/show.jpg",
      "content": "加油加油加油加油！！！！",
      "nickName": "熊大",
      "support": 164
    },
    {
      "img": "//orkwtps3q.bkt.clouddn.com/image/jpg/show.jpg",
      "content": "加油加油加油加油！！！！",
      "nickName": "熊大",
      "support": 164
    },
    {
      "img": "//orkwtps3q.bkt.clouddn.com/image/jpg/show.jpg",
      "content": "加油加油加油加油！！！！",
      "nickName": "熊大",
      "support": 164
    },
    {
      "img": "//orkwtps3q.bkt.clouddn.com/image/jpg/show.jpg",
      "content": "加油加油加油加油！！！！",
      "nickName": "熊大",
      "support": 164
    },
    {
      "img": "//orkwtps3q.bkt.clouddn.com/image/jpg/show.jpg",
      "content": "加油加油加油加油！！！！",
      "nickName": "熊大",
      "support": 164
    },
    {
      "img": "//orkwtps3q.bkt.clouddn.com/image/jpg/show.jpg",
      "content": "加油加油加油加油！！！！",
      "nickName": "熊大",
      "support": 164
    },
    {
      "img": "//orkwtps3q.bkt.clouddn.com/image/jpg/show.jpg",
      "content": "加油加油加油加油！！！！",
      "nickName": "熊大",
      "support": 164
    },
    {
      "img": "//orkwtps3q.bkt.clouddn.com/image/jpg/show.jpg",
      "content": "加油加油加油加油！！！！",
      "nickName": "熊大",
      "support": 164
    },
    {
      "img": "//orkwtps3q.bkt.clouddn.com/image/jpg/show.jpg",
      "content": "加油加油加油加油！！！！",
      "nickName": "熊大",
      "support": 164
    },
    {
      "img": "//orkwtps3q.bkt.clouddn.com/image/jpg/show.jpg",
      "content": "加油加油加油加油！！！！",
      "nickName": "熊大",
      "support": 164
    }
  ]
}
